{
    "root_group": {
        "id": "d41d8cd98f00b204e9800998ecf8427e",
        "groups": {},
        "checks": {
                "status is 200": {
                    "name": "status is 200",
                    "path": "::status is 200",
                    "id": "6210a8cd14cd70477eba5c5e4cb3fb5f",
                    "passes": 81176,
                    "fails": 0
                }
            },
        "name": "",
        "path": ""
    },
    "metrics": {
        "http_req_connecting": {
            "min": 0,
            "med": 0,
            "max": 5.7626,
            "p(90)": 0,
            "p(95)": 0,
            "avg": 0.008760747018823291
        },
        "http_req_receiving": {
            "min": 0,
            "med": 0,
            "max": 16.0881,
            "p(90)": 0.5127,
            "p(95)": 0.5675,
            "avg": 0.07518098083177305
        },
        "http_req_blocked": {
            "avg": 0.014591854735389796,
            "min": 0,
            "med": 0,
            "max": 6.0943,
            "p(90)": 0,
            "p(95)": 0
        },
        "checks": {
            "passes": 81176,
            "fails": 0,
            "value": 1
        },
        "vus_max": {
            "value": 100,
            "min": 100,
            "max": 100
        },
        "http_req_duration{expected_response:true}": {
            "avg": 203.39173953631564,
            "min": 189.4367,
            "med": 203.1062,
            "max": 215.7468,
            "p(90)": 205.0043,
            "p(95)": 205.980975
        },
        "data_received": {
            "count": 9349756,
            "rate": 44505.2334205781
        },
        "http_req_failed": {
            "passes": 0,
            "fails": 81176,
            "value": 0
        },
        "iterations": {
            "count": 81176,
            "rate": 386.4011882394415
        },
        "iteration_duration": {
            "med": 203.2361,
            "max": 218.0786,
            "p(90)": 205.1954,
            "p(95)": 206.2098,
            "avg": 203.5422901695085,
            "min": 189.4367
        },
        "http_reqs": {
            "rate": 386.4011882394415,
            "count": 81176
        },
        "http_req_waiting": {
            "min": 187.8007,
            "med": 203.0284,
            "max": 215.7468,
            "p(90)": 204.90735,
            "p(95)": 205.8477,
            "avg": 203.2954493138386
        },
        "vus": {
            "value": 1,
            "min": 1,
            "max": 100
        },
        "data_sent": {
            "count": 6575256,
            "rate": 31298.496247394763
        },
        "http_req_duration": {
            "p(90)": 205.0043,
            "p(95)": 205.980975,
            "avg": 203.39173953631564,
            "min": 189.4367,
            "med": 203.1062,
            "max": 215.7468
        },
        "http_req_tls_handshaking": {
            "avg": 0,
            "min": 0,
            "med": 0,
            "max": 0,
            "p(90)": 0,
            "p(95)": 0
        },
        "http_req_sending": {
            "max": 12.3013,
            "p(90)": 0,
            "p(95)": 0,
            "avg": 0.021109241647777666,
            "min": 0,
            "med": 0
        }
    },
    "setup_data": {
        "inicio": "2025-12-08T20:41:55.644-03:00"
    }
}