{
    "metrics": {
        "http_req_duration": {
            "p(95)": 581.658605,
            "avg": 432.1042391786564,
            "min": 177.3769,
            "med": 449.8046,
            "max": 625.1505,
            "p(90)": 572.38995
        },
        "data_received": {
            "count": 43999714,
            "rate": 209341.25219852087
        },
        "http_req_failed": {
            "passes": 0,
            "fails": 382060,
            "value": 0
        },
        "http_req_connecting": {
            "min": 0,
            "med": 0,
            "max": 27.1107,
            "p(90)": 0,
            "p(95)": 0,
            "avg": 0.01401429513688952
        },
        "http_req_waiting": {
            "avg": 432.0062909294316,
            "min": 177.3769,
            "med": 449.74705,
            "max": 625.1505,
            "p(90)": 572.264,
            "p(95)": 581.5449699999999
        },
        "vus_max": {
            "value": 1000,
            "min": 1000,
            "max": 1000
        },
        "http_reqs": {
            "count": 382060,
            "rate": 1817.7599703254182
        },
        "checks": {
            "fails": 0,
            "passes": 382060,
            "value": 1
        },
        "http_req_tls_handshaking": {
            "avg": 0,
            "min": 0,
            "med": 0,
            "max": 0,
            "p(90)": 0,
            "p(95)": 0
        },
        "http_req_sending": {
            "avg": 0.021469117677851896,
            "min": 0,
            "med": 0,
            "max": 23.6579,
            "p(90)": 0,
            "p(95)": 0
        },
        "iteration_duration": {
            "avg": 432.27927154242894,
            "min": 177.3769,
            "med": 449.9442,
            "max": 625.1505,
            "p(90)": 572.5533900000003,
            "p(95)": 581.838
        },
        "vus": {
            "value": 7,
            "min": 7,
            "max": 1000
        },
        "data_sent": {
            "count": 30946860,
            "rate": 147238.55759635888
        },
        "http_req_duration{expected_response:true}": {
            "avg": 432.1042391786564,
            "min": 177.3769,
            "med": 449.8046,
            "max": 625.1505,
            "p(90)": 572.38995,
            "p(95)": 581.658605
        },
        "http_req_blocked": {
            "med": 0,
            "max": 29.0647,
            "p(90)": 0,
            "p(95)": 0,
            "avg": 0.020966574621787203,
            "min": 0
        },
        "http_req_receiving": {
            "avg": 0.07647913155001729,
            "min": 0,
            "med": 0,
            "max": 63.0163,
            "p(90)": 0.3217100000000035,
            "p(95)": 0.5686
        },
        "iterations": {
            "count": 382060,
            "rate": 1817.7599703254182
        }
    },
    "setup_data": {
        "inicio": "2025-12-08T20:34:50.466-03:00"
    },
    "root_group": {
        "path": "",
        "id": "d41d8cd98f00b204e9800998ecf8427e",
        "groups": {},
        "checks": {
                "status is 200": {
                    "name": "status is 200",
                    "path": "::status is 200",
                    "id": "6210a8cd14cd70477eba5c5e4cb3fb5f",
                    "passes": 382060,
                    "fails": 0
                }
            },
        "name": ""
    }
}