{
    "metrics": {
        "http_req_failed": {
            "passes": 0,
            "fails": 81095,
            "value": 0
        },
        "http_req_waiting": {
            "p(95)": 206.2435,
            "avg": 203.50060161415956,
            "min": 178.7027,
            "med": 203.1849,
            "max": 227.3023,
            "p(90)": 205.3157
        },
        "http_req_tls_handshaking": {
            "max": 0,
            "p(90)": 0,
            "p(95)": 0,
            "avg": 0,
            "min": 0,
            "med": 0
        },
        "http_reqs": {
            "count": 81095,
            "rate": 386.0057748643963
        },
        "vus_max": {
            "value": 100,
            "min": 100,
            "max": 100
        },
        "data_sent": {
            "count": 6568695,
            "rate": 31266.467764016103
        },
        "http_req_duration{expected_response:true}": {
            "max": 227.3023,
            "p(90)": 205.4472,
            "p(95)": 206.3867,
            "avg": 203.5942811776346,
            "min": 178.7027,
            "med": 203.2725
        },
        "http_req_sending": {
            "p(95)": 0,
            "avg": 0.021364091497626202,
            "min": 0,
            "med": 0,
            "max": 6.2018,
            "p(90)": 0
        },
        "iteration_duration": {
            "avg": 203.75348210740626,
            "min": 178.7027,
            "med": 203.4331,
            "max": 227.3023,
            "p(90)": 205.6367,
            "p(95)": 206.61486
        },
        "http_req_receiving": {
            "avg": 0.07231547197731082,
            "min": 0,
            "med": 0,
            "max": 23.7262,
            "p(90)": 0.5103,
            "p(95)": 0.5593
        },
        "checks": {
            "passes": 81095,
            "fails": 0,
            "value": 1
        },
        "data_received": {
            "count": 9340403,
            "rate": 44459.57824231743
        },
        "http_req_duration": {
            "avg": 203.5942811776346,
            "min": 178.7027,
            "med": 203.2725,
            "max": 227.3023,
            "p(90)": 205.4472,
            "p(95)": 206.3867
        },
        "vus": {
            "value": 1,
            "min": 1,
            "max": 100
        },
        "http_req_connecting": {
            "med": 0,
            "max": 4.5139,
            "p(90)": 0,
            "p(95)": 0,
            "avg": 0.008542649978420367,
            "min": 0
        },
        "http_req_blocked": {
            "min": 0,
            "med": 0,
            "max": 6.1291,
            "p(90)": 0,
            "p(95)": 0,
            "avg": 0.015013696282138243
        },
        "iterations": {
            "count": 81095,
            "rate": 386.0057748643963
        }
    },
    "setup_data": {
        "inicio": "2025-12-08T20:16:58.782-03:00"
    },
    "root_group": {
        "id": "d41d8cd98f00b204e9800998ecf8427e",
        "groups": {},
        "checks": {
                "status is 200": {
                    "passes": 81095,
                    "fails": 0,
                    "name": "status is 200",
                    "path": "::status is 200",
                    "id": "6210a8cd14cd70477eba5c5e4cb3fb5f"
                }
            },
        "name": "",
        "path": ""
    }
}