{
    "setup_data": {
        "inicio": "2025-12-08T20:27:04.335-03:00"
    },
    "root_group": {
        "name": "",
        "path": "",
        "id": "d41d8cd98f00b204e9800998ecf8427e",
        "groups": {},
        "checks": {
                "status is 200": {
                    "id": "6210a8cd14cd70477eba5c5e4cb3fb5f",
                    "passes": 678883,
                    "fails": 0,
                    "name": "status is 200",
                    "path": "::status is 200"
                }
            }
    },
    "metrics": {
        "http_req_duration": {
            "avg": 243.046606840929,
            "min": 184.0215,
            "med": 236.8657,
            "max": 409.8617,
            "p(90)": 284.6655,
            "p(95)": 304.891
        },
        "http_req_tls_handshaking": {
            "p(95)": 0,
            "avg": 0,
            "min": 0,
            "med": 0,
            "max": 0,
            "p(90)": 0
        },
        "http_req_sending": {
            "avg": 0.0217569286607561,
            "min": 0,
            "med": 0,
            "max": 24.4514,
            "p(90)": 0,
            "p(95)": 0
        },
        "http_req_receiving": {
            "p(90)": 0.5139,
            "p(95)": 0.563,
            "avg": 0.07898356167410296,
            "min": 0,
            "med": 0,
            "max": 17.9692
        },
        "iteration_duration": {
            "avg": 243.21705341596945,
            "min": 184.0215,
            "med": 237.0438,
            "max": 411.954,
            "p(90)": 284.81456000000003,
            "p(95)": 305.072
        },
        "http_reqs": {
            "count": 678883,
            "rate": 3229.5681527777647
        },
        "http_req_failed": {
            "passes": 0,
            "fails": 678883,
            "value": 0
        },
        "iterations": {
            "count": 678883,
            "rate": 3229.5681527777647
        },
        "data_sent": {
            "count": 54989523,
            "rate": 261595.02037499895
        },
        "http_req_waiting": {
            "avg": 242.9458663505952,
            "min": 184.0215,
            "med": 236.7666,
            "max": 409.8617,
            "p(90)": 284.57520000000005,
            "p(95)": 304.80039000000005
        },
        "http_req_duration{expected_response:true}": {
            "min": 184.0215,
            "med": 236.8657,
            "max": 409.8617,
            "p(90)": 284.6655,
            "p(95)": 304.891,
            "avg": 243.046606840929
        },
        "http_req_blocked": {
            "avg": 0.020717021637012594,
            "min": 0,
            "med": 0,
            "max": 16.8495,
            "p(90)": 0,
            "p(95)": 0
        },
        "data_received": {
            "count": 78191055,
            "rate": 371968.8680672437
        },
        "checks": {
            "fails": 0,
            "passes": 678883,
            "value": 1
        },
        "vus": {
            "value": 7,
            "min": 7,
            "max": 1000
        },
        "vus_max": {
            "value": 1000,
            "min": 1000,
            "max": 1000
        },
        "http_req_connecting": {
            "p(95)": 0,
            "avg": 0.013645766059836537,
            "min": 0,
            "med": 0,
            "max": 15.9565,
            "p(90)": 0
        }
    }
}