{
    "root_group": {
        "checks": {
            "status is 200": {
                "fails": 0,
                "name": "status is 200",
                "path": "::status is 200",
                "id": "6210a8cd14cd70477eba5c5e4cb3fb5f",
                "passes": 370346
            }
        },
        "name": "",
        "path": "",
        "id": "d41d8cd98f00b204e9800998ecf8427e",
        "groups": {}
    },
    "metrics": {
        "checks": {
            "passes": 370346,
            "fails": 0,
            "value": 1
        },
        "iterations": {
            "count": 370346,
            "rate": 1762.291540238866
        },
        "data_received": {
            "rate": 202976.35093508547,
            "count": 42655530
        },
        "http_req_connecting": {
            "avg": 0.013212671123759963,
            "min": 0,
            "med": 0,
            "max": 20.3906,
            "p(90)": 0,
            "p(95)": 0
        },
        "http_req_tls_handshaking": {
            "avg": 0,
            "min": 0,
            "med": 0,
            "max": 0,
            "p(90)": 0,
            "p(95)": 0
        },
        "vus_max": {
            "value": 500,
            "min": 500,
            "max": 500
        },
        "iteration_duration": {
            "avg": 222.9220653062333,
            "min": 185.7396,
            "med": 220.29595,
            "max": 318.6565,
            "p(90)": 247.5916,
            "p(95)": 252.6809
        },
        "http_req_failed": {
            "passes": 0,
            "fails": 370346,
            "value": 0
        },
        "vus": {
            "value": 3,
            "min": 3,
            "max": 500
        },
        "http_req_sending": {
            "min": 0,
            "med": 0,
            "max": 54.4463,
            "p(90)": 0,
            "p(95)": 0,
            "avg": 0.023111542719510995
        },
        "http_req_duration{expected_response:true}": {
            "med": 220.12015,
            "max": 310.796,
            "p(90)": 247.3801,
            "p(95)": 252.4928,
            "avg": 222.74625998094282,
            "min": 185.7396
        },
        "http_req_waiting": {
            "max": 307.9149,
            "p(90)": 247.2449,
            "p(95)": 252.3632,
            "avg": 222.63425082248006,
            "min": 185.7396,
            "med": 219.998
        },
        "data_sent": {
            "count": 29998026,
            "rate": 142745.61475934816
        },
        "http_reqs": {
            "count": 370346,
            "rate": 1762.291540238866
        },
        "http_req_blocked": {
            "max": 20.3906,
            "p(90)": 0,
            "p(95)": 0,
            "avg": 0.02005677204560064,
            "min": 0,
            "med": 0
        },
        "http_req_duration": {
            "max": 310.796,
            "p(90)": 247.3801,
            "p(95)": 252.4928,
            "avg": 222.74625998094282,
            "min": 185.7396,
            "med": 220.12015
        },
        "http_req_receiving": {
            "max": 62.0571,
            "p(90)": 0.5124,
            "p(95)": 0.5696,
            "avg": 0.08889761574311718,
            "min": 0,
            "med": 0
        }
    },
    "setup_data": {
        "inicio": "2025-12-08T19:59:11.375-03:00"
    }
}